{"cameraMode":{"drawMode":0,"name":"Shaded","section":"Shading Mode"},"sceneLighting":true,"audioPlay":false,"sceneViewState":{"showFog":true,"showMaterialUpdate":false,"showSkybox":true,"showFlares":true,"showImageEffects":true,"showParticleSystems":true},"in2DMode":false,"pivot":{"x":-51.596046447753909,"y":-67.65794372558594,"z":-107.11656951904297},"rotation":{"x":-0.053251590579748157,"y":0.9388109445571899,"z":-0.29536980390548708,"w":-0.1693239063024521},"size":82.91313934326172,"orthographic":false}